,Peak,T1_Time,D1_Time
0,183.7_ppm,12.860272951795283,63.00136475897642
1,143.4_ppm,1.4157419938468063,5.778709969234032
2,139.3_ppm,7.31857881201687,35.29289406008435
3,132.3_ppm,2.2589064255816607,9.994532127908302
4,130.3_ppm,2.951530793877645,13.457653969388224
5,47.5_ppm,1.492231486197694,6.16115743098847
6,24.9_ppm,0.7597845356967823,2.498922678483911
